[
{
    "model": "contenttypes.contenttype",
    "pk": 1,
    "fields": {
        "app_label": "admin",
        "model": "logentry"
    }
},
{
    "model": "contenttypes.contenttype",
    "pk": 2,
    "fields": {
        "app_label": "auth",
        "model": "permission"
    }
},
{
    "model": "contenttypes.contenttype",
    "pk": 3,
    "fields": {
        "app_label": "auth",
        "model": "group"
    }
},
{
    "model": "contenttypes.contenttype",
    "pk": 4,
    "fields": {
        "app_label": "auth",
        "model": "user"
    }
},
{
    "model": "contenttypes.contenttype",
    "pk": 5,
    "fields": {
        "app_label": "contenttypes",
        "model": "contenttype"
    }
},
{
    "model": "contenttypes.contenttype",
    "pk": 6,
    "fields": {
        "app_label": "sessions",
        "model": "session"
    }
},
{
    "model": "contenttypes.contenttype",
    "pk": 7,
    "fields": {
        "app_label": "students",
        "model": "student"
    }
},
{
    "model": "contenttypes.contenttype",
    "pk": 8,
    "fields": {
        "app_label": "students",
        "model": "group"
    }
},
{
    "model": "contenttypes.contenttype",
    "pk": 9,
    "fields": {
        "app_label": "students",
        "model": "journal"
    }
},
{
    "model": "sessions.session",
    "pk": "a6hnxfqx0thz7n8w8qfocapyu2g1lvdy",
    "fields": {
        "session_data": "NmQ0NDEzMGFiODM1N2RiZmEzZTI5MmExY2Y3ZmI5YTQxMWYyY2YwYTp7Il9hdXRoX3VzZXJfaWQiOiIxIiwiX2F1dGhfdXNlcl9iYWNrZW5kIjoiZGphbmdvLmNvbnRyaWIuYXV0aC5iYWNrZW5kcy5Nb2RlbEJhY2tlbmQiLCJfYXV0aF91c2VyX2hhc2giOiI5NWZkYzBiYzhiMzNlNjZkMmQ0NGIyNjRlNTk5ZDc5ZTdhZTY2ODc1In0=",
        "expire_date": "2018-07-19T21:29:18.369Z"
    }
},
{
    "model": "students.student",
    "pk": 1,
    "fields": {
        "first_name": "Oleg",
        "last_name": "Khrystenko",
        "middle_name": "",
        "birthday": "2018-06-22",
        "photo": "",
        "ticket": "111",
        "notes": "",
        "student_group": 5
    }
},
{
    "model": "students.student",
    "pk": 3,
    "fields": {
        "first_name": "Roman2",
        "last_name": "Demo",
        "middle_name": "",
        "birthday": "2018-06-23",
        "photo": "me_GFWB6qe.jpeg",
        "ticket": "911",
        "notes": "",
        "student_group": 4
    }
},
{
    "model": "students.student",
    "pk": 4,
    "fields": {
        "first_name": "Lina",
        "last_name": "Khrystenko",
        "middle_name": "Grygorovna",
        "birthday": "1988-05-10",
        "photo": "",
        "ticket": "2",
        "notes": "",
        "student_group": 3
    }
},
{
    "model": "students.student",
    "pk": 5,
    "fields": {
        "first_name": "Petro",
        "last_name": "Tarasenko",
        "middle_name": "",
        "birthday": "1988-01-02",
        "photo": "piv.png",
        "ticket": "23",
        "notes": "",
        "student_group": 4
    }
},
{
    "model": "students.student",
    "pk": 6,
    "fields": {
        "first_name": "Anatoliy",
        "last_name": "Derkach",
        "middle_name": "",
        "birthday": "1987-12-12",
        "photo": "podoba3.jpg",
        "ticket": "34",
        "notes": "",
        "student_group": 3
    }
},
{
    "model": "students.student",
    "pk": 7,
    "fields": {
        "first_name": "Anat",
        "last_name": "Kramnich",
        "middle_name": "",
        "birthday": "1987-11-12",
        "photo": "",
        "ticket": "77",
        "notes": "",
        "student_group": 5
    }
},
{
    "model": "students.student",
    "pk": 8,
    "fields": {
        "first_name": "Allana",
        "last_name": "Kamysh",
        "middle_name": "",
        "birthday": "1986-01-12",
        "photo": "",
        "ticket": "42",
        "notes": "",
        "student_group": 4
    }
},
{
    "model": "students.student",
    "pk": 9,
    "fields": {
        "first_name": "Tata",
        "last_name": "Amnig",
        "middle_name": "",
        "birthday": "1990-04-04",
        "photo": "",
        "ticket": "98",
        "notes": "",
        "student_group": 3
    }
},
{
    "model": "students.student",
    "pk": 10,
    "fields": {
        "first_name": "Karina",
        "last_name": "Atabulina",
        "middle_name": "",
        "birthday": "1990-08-11",
        "photo": "",
        "ticket": "55",
        "notes": "",
        "student_group": 4
    }
},
{
    "model": "students.student",
    "pk": 11,
    "fields": {
        "first_name": "Anton",
        "last_name": "Huet",
        "middle_name": "",
        "birthday": "1991-11-11",
        "photo": "",
        "ticket": "69",
        "notes": "",
        "student_group": 5
    }
},
{
    "model": "students.student",
    "pk": 12,
    "fields": {
        "first_name": "Pavlo",
        "last_name": "Chaban",
        "middle_name": "",
        "birthday": "1986-03-02",
        "photo": "",
        "ticket": "123",
        "notes": "",
        "student_group": 5
    }
},
{
    "model": "students.student",
    "pk": 13,
    "fields": {
        "first_name": "Dima",
        "last_name": "Kuplinov",
        "middle_name": "",
        "birthday": "1992-05-05",
        "photo": "",
        "ticket": "345",
        "notes": "",
        "student_group": 5
    }
},
{
    "model": "students.student",
    "pk": 14,
    "fields": {
        "first_name": "Tamara",
        "last_name": "Daineko",
        "middle_name": "",
        "birthday": "1977-01-28",
        "photo": "",
        "ticket": "321",
        "notes": "",
        "student_group": 5
    }
},
{
    "model": "students.student",
    "pk": 15,
    "fields": {
        "first_name": "Olexiy",
        "last_name": "Atlant",
        "middle_name": "",
        "birthday": "1988-08-08",
        "photo": "",
        "ticket": "49",
        "notes": "",
        "student_group": 4
    }
},
{
    "model": "students.student",
    "pk": 16,
    "fields": {
        "first_name": "Teo",
        "last_name": "Stefanof",
        "middle_name": "",
        "birthday": "1988-03-24",
        "photo": "",
        "ticket": "8",
        "notes": "",
        "student_group": 4
    }
},
{
    "model": "students.student",
    "pk": 17,
    "fields": {
        "first_name": "Alina",
        "last_name": "Uliotova",
        "middle_name": "",
        "birthday": "1990-01-02",
        "photo": "",
        "ticket": "13",
        "notes": "",
        "student_group": 3
    }
},
{
    "model": "students.student",
    "pk": 18,
    "fields": {
        "first_name": "Sava",
        "last_name": "Stena",
        "middle_name": "",
        "birthday": "1990-02-02",
        "photo": "",
        "ticket": "444",
        "notes": "",
        "student_group": 4
    }
},
{
    "model": "students.student",
    "pk": 19,
    "fields": {
        "first_name": "Andrey",
        "last_name": "Bazovkin",
        "middle_name": "",
        "birthday": "1998-04-04",
        "photo": "",
        "ticket": "61",
        "notes": "",
        "student_group": 3
    }
},
{
    "model": "students.student",
    "pk": 20,
    "fields": {
        "first_name": "Michal",
        "last_name": "Szramowski",
        "middle_name": "",
        "birthday": "1992-11-12",
        "photo": "",
        "ticket": "73",
        "notes": "",
        "student_group": 3
    }
},
{
    "model": "students.student",
    "pk": 21,
    "fields": {
        "first_name": "Stepan",
        "last_name": "Kravchenko",
        "middle_name": "",
        "birthday": null,
        "photo": "",
        "ticket": "4",
        "notes": "",
        "student_group": 6
    }
},
{
    "model": "students.group",
    "pk": 3,
    "fields": {
        "title": "MTM-11",
        "leader": 4,
        "notes": ""
    }
},
{
    "model": "students.group",
    "pk": 4,
    "fields": {
        "title": "MTM-12",
        "leader": 3,
        "notes": ""
    }
},
{
    "model": "students.group",
    "pk": 5,
    "fields": {
        "title": "MTM-13",
        "leader": 11,
        "notes": ""
    }
},
{
    "model": "students.group",
    "pk": 6,
    "fields": {
        "title": "MTM-14",
        "leader": null,
        "notes": ""
    }
},
{
    "model": "students.journal",
    "pk": 6,
    "fields": {
        "student": 1,
        "date": "2018-07-06"
    }
},
{
    "model": "students.journal",
    "pk": 7,
    "fields": {
        "student": 3,
        "date": "2018-07-06"
    }
},
{
    "model": "students.journal",
    "pk": 8,
    "fields": {
        "student": 4,
        "date": "2018-07-06"
    }
},
{
    "model": "students.journal",
    "pk": 9,
    "fields": {
        "student": 1,
        "date": "2017-02-16"
    }
},
{
    "model": "students.journal",
    "pk": 10,
    "fields": {
        "student": 1,
        "date": "2018-07-02"
    }
},
{
    "model": "students.journal",
    "pk": 13,
    "fields": {
        "student": 4,
        "date": "2018-07-23"
    }
},
{
    "model": "students.journal",
    "pk": 14,
    "fields": {
        "student": 5,
        "date": "2018-07-07"
    }
},
{
    "model": "students.journal",
    "pk": 15,
    "fields": {
        "student": 5,
        "date": "2018-07-10"
    }
},
{
    "model": "students.journal",
    "pk": 16,
    "fields": {
        "student": 6,
        "date": "2018-07-21"
    }
},
{
    "model": "students.journal",
    "pk": 17,
    "fields": {
        "student": 6,
        "date": "2018-07-22"
    }
},
{
    "model": "students.journal",
    "pk": 18,
    "fields": {
        "student": 1,
        "date": "2018-08-02"
    }
},
{
    "model": "students.journal",
    "pk": 19,
    "fields": {
        "student": 1,
        "date": "2018-08-03"
    }
},
{
    "model": "students.journal",
    "pk": 20,
    "fields": {
        "student": 7,
        "date": "2018-08-15"
    }
},
{
    "model": "students.journal",
    "pk": 21,
    "fields": {
        "student": 7,
        "date": "2018-08-16"
    }
},
{
    "model": "students.journal",
    "pk": 22,
    "fields": {
        "student": 7,
        "date": "2018-08-17"
    }
},
{
    "model": "students.journal",
    "pk": 23,
    "fields": {
        "student": 6,
        "date": "2018-06-11"
    }
},
{
    "model": "students.journal",
    "pk": 24,
    "fields": {
        "student": 6,
        "date": "2018-06-12"
    }
},
{
    "model": "students.journal",
    "pk": 28,
    "fields": {
        "student": 3,
        "date": "2018-08-09"
    }
},
{
    "model": "students.journal",
    "pk": 29,
    "fields": {
        "student": 3,
        "date": "2018-08-10"
    }
},
{
    "model": "students.journal",
    "pk": 30,
    "fields": {
        "student": 4,
        "date": "2018-08-12"
    }
},
{
    "model": "students.journal",
    "pk": 31,
    "fields": {
        "student": 4,
        "date": "2018-08-13"
    }
},
{
    "model": "students.journal",
    "pk": 32,
    "fields": {
        "student": 4,
        "date": "2018-08-14"
    }
},
{
    "model": "students.journal",
    "pk": 33,
    "fields": {
        "student": 1,
        "date": "2018-08-14"
    }
},
{
    "model": "students.journal",
    "pk": 34,
    "fields": {
        "student": 1,
        "date": "2018-08-15"
    }
},
{
    "model": "students.journal",
    "pk": 36,
    "fields": {
        "student": 1,
        "date": "2018-07-12"
    }
},
{
    "model": "students.journal",
    "pk": 37,
    "fields": {
        "student": 1,
        "date": "2018-07-13"
    }
},
{
    "model": "students.journal",
    "pk": 38,
    "fields": {
        "student": 7,
        "date": "2018-07-01"
    }
},
{
    "model": "students.journal",
    "pk": 39,
    "fields": {
        "student": 7,
        "date": "2018-07-02"
    }
},
{
    "model": "students.journal",
    "pk": 40,
    "fields": {
        "student": 7,
        "date": "2018-07-03"
    }
},
{
    "model": "students.journal",
    "pk": 41,
    "fields": {
        "student": 8,
        "date": "2018-08-22"
    }
},
{
    "model": "students.journal",
    "pk": 42,
    "fields": {
        "student": 8,
        "date": "2018-08-23"
    }
},
{
    "model": "students.journal",
    "pk": 43,
    "fields": {
        "student": 8,
        "date": "2018-08-24"
    }
},
{
    "model": "students.journal",
    "pk": 44,
    "fields": {
        "student": 9,
        "date": "2018-08-22"
    }
},
{
    "model": "students.journal",
    "pk": 45,
    "fields": {
        "student": 9,
        "date": "2018-08-23"
    }
},
{
    "model": "students.journal",
    "pk": 46,
    "fields": {
        "student": 9,
        "date": "2018-08-24"
    }
},
{
    "model": "students.journal",
    "pk": 47,
    "fields": {
        "student": 10,
        "date": "2018-08-22"
    }
},
{
    "model": "students.journal",
    "pk": 48,
    "fields": {
        "student": 10,
        "date": "2018-08-23"
    }
},
{
    "model": "students.journal",
    "pk": 49,
    "fields": {
        "student": 10,
        "date": "2018-08-24"
    }
},
{
    "model": "auth.permission",
    "pk": 1,
    "fields": {
        "name": "Can add log entry",
        "content_type": 1,
        "codename": "add_logentry"
    }
},
{
    "model": "auth.permission",
    "pk": 2,
    "fields": {
        "name": "Can change log entry",
        "content_type": 1,
        "codename": "change_logentry"
    }
},
{
    "model": "auth.permission",
    "pk": 3,
    "fields": {
        "name": "Can delete log entry",
        "content_type": 1,
        "codename": "delete_logentry"
    }
},
{
    "model": "auth.permission",
    "pk": 4,
    "fields": {
        "name": "Can add permission",
        "content_type": 2,
        "codename": "add_permission"
    }
},
{
    "model": "auth.permission",
    "pk": 5,
    "fields": {
        "name": "Can change permission",
        "content_type": 2,
        "codename": "change_permission"
    }
},
{
    "model": "auth.permission",
    "pk": 6,
    "fields": {
        "name": "Can delete permission",
        "content_type": 2,
        "codename": "delete_permission"
    }
},
{
    "model": "auth.permission",
    "pk": 7,
    "fields": {
        "name": "Can add group",
        "content_type": 3,
        "codename": "add_group"
    }
},
{
    "model": "auth.permission",
    "pk": 8,
    "fields": {
        "name": "Can change group",
        "content_type": 3,
        "codename": "change_group"
    }
},
{
    "model": "auth.permission",
    "pk": 9,
    "fields": {
        "name": "Can delete group",
        "content_type": 3,
        "codename": "delete_group"
    }
},
{
    "model": "auth.permission",
    "pk": 10,
    "fields": {
        "name": "Can add user",
        "content_type": 4,
        "codename": "add_user"
    }
},
{
    "model": "auth.permission",
    "pk": 11,
    "fields": {
        "name": "Can change user",
        "content_type": 4,
        "codename": "change_user"
    }
},
{
    "model": "auth.permission",
    "pk": 12,
    "fields": {
        "name": "Can delete user",
        "content_type": 4,
        "codename": "delete_user"
    }
},
{
    "model": "auth.permission",
    "pk": 13,
    "fields": {
        "name": "Can add content type",
        "content_type": 5,
        "codename": "add_contenttype"
    }
},
{
    "model": "auth.permission",
    "pk": 14,
    "fields": {
        "name": "Can change content type",
        "content_type": 5,
        "codename": "change_contenttype"
    }
},
{
    "model": "auth.permission",
    "pk": 15,
    "fields": {
        "name": "Can delete content type",
        "content_type": 5,
        "codename": "delete_contenttype"
    }
},
{
    "model": "auth.permission",
    "pk": 16,
    "fields": {
        "name": "Can add session",
        "content_type": 6,
        "codename": "add_session"
    }
},
{
    "model": "auth.permission",
    "pk": 17,
    "fields": {
        "name": "Can change session",
        "content_type": 6,
        "codename": "change_session"
    }
},
{
    "model": "auth.permission",
    "pk": 18,
    "fields": {
        "name": "Can delete session",
        "content_type": 6,
        "codename": "delete_session"
    }
},
{
    "model": "auth.permission",
    "pk": 19,
    "fields": {
        "name": "Can add \u0421\u0442\u0443\u0434\u0435\u043d\u0442",
        "content_type": 7,
        "codename": "add_student"
    }
},
{
    "model": "auth.permission",
    "pk": 20,
    "fields": {
        "name": "Can change \u0421\u0442\u0443\u0434\u0435\u043d\u0442",
        "content_type": 7,
        "codename": "change_student"
    }
},
{
    "model": "auth.permission",
    "pk": 21,
    "fields": {
        "name": "Can delete \u0421\u0442\u0443\u0434\u0435\u043d\u0442",
        "content_type": 7,
        "codename": "delete_student"
    }
},
{
    "model": "auth.permission",
    "pk": 22,
    "fields": {
        "name": "Can add \u0413\u0440\u0443\u043f\u0430",
        "content_type": 8,
        "codename": "add_group"
    }
},
{
    "model": "auth.permission",
    "pk": 23,
    "fields": {
        "name": "Can change \u0413\u0440\u0443\u043f\u0430",
        "content_type": 8,
        "codename": "change_group"
    }
},
{
    "model": "auth.permission",
    "pk": 24,
    "fields": {
        "name": "Can delete \u0413\u0440\u0443\u043f\u0430",
        "content_type": 8,
        "codename": "delete_group"
    }
},
{
    "model": "auth.permission",
    "pk": 25,
    "fields": {
        "name": "Can add \u0416\u0443\u0440\u043d\u0430\u043b \u0432\u0456\u0434\u0432\u0456\u0434\u0443\u0432\u0430\u043d\u043d\u044f",
        "content_type": 9,
        "codename": "add_journal"
    }
},
{
    "model": "auth.permission",
    "pk": 26,
    "fields": {
        "name": "Can change \u0416\u0443\u0440\u043d\u0430\u043b \u0432\u0456\u0434\u0432\u0456\u0434\u0443\u0432\u0430\u043d\u043d\u044f",
        "content_type": 9,
        "codename": "change_journal"
    }
},
{
    "model": "auth.permission",
    "pk": 27,
    "fields": {
        "name": "Can delete \u0416\u0443\u0440\u043d\u0430\u043b \u0432\u0456\u0434\u0432\u0456\u0434\u0443\u0432\u0430\u043d\u043d\u044f",
        "content_type": 9,
        "codename": "delete_journal"
    }
},
{
    "model": "auth.user",
    "pk": 1,
    "fields": {
        "password": "pbkdf2_sha256$100000$XMsNVNABKeGK$kshIjTTv0LzGiNUES7eTw7ud5Jhu1Zh6pMHZg/feEgE=",
        "last_login": "2018-07-05T21:29:18.348Z",
        "is_superuser": true,
        "username": "ovod88",
        "first_name": "",
        "last_name": "",
        "email": "ovod88@bigmir.net",
        "is_staff": true,
        "is_active": true,
        "date_joined": "2018-06-23T12:11:55.663Z",
        "groups": [],
        "user_permissions": []
    }
},
{
    "model": "admin.logentry",
    "pk": 1,
    "fields": {
        "action_time": "2018-07-05T21:29:38.769Z",
        "user": 1,
        "content_type": 9,
        "object_id": "1",
        "object_repr": "Journal object (1)",
        "action_flag": 1,
        "change_message": "[{\"added\": {}}]"
    }
},
{
    "model": "admin.logentry",
    "pk": 2,
    "fields": {
        "action_time": "2018-07-05T21:29:54.627Z",
        "user": 1,
        "content_type": 9,
        "object_id": "2",
        "object_repr": "Journal object (2)",
        "action_flag": 1,
        "change_message": "[{\"added\": {}}]"
    }
},
{
    "model": "admin.logentry",
    "pk": 3,
    "fields": {
        "action_time": "2018-07-05T21:32:16.223Z",
        "user": 1,
        "content_type": 9,
        "object_id": "3",
        "object_repr": "Journal object (3)",
        "action_flag": 1,
        "change_message": "[{\"added\": {}}]"
    }
},
{
    "model": "admin.logentry",
    "pk": 4,
    "fields": {
        "action_time": "2018-07-05T21:43:52.367Z",
        "user": 1,
        "content_type": 9,
        "object_id": "4",
        "object_repr": "Journal object (4)",
        "action_flag": 1,
        "change_message": "[{\"added\": {}}]"
    }
},
{
    "model": "admin.logentry",
    "pk": 5,
    "fields": {
        "action_time": "2018-07-05T21:44:11.649Z",
        "user": 1,
        "content_type": 9,
        "object_id": "5",
        "object_repr": "Journal object (5)",
        "action_flag": 1,
        "change_message": "[{\"added\": {}}]"
    }
}
]
